{"cameraMode":{"drawMode":0,"name":"Shaded","section":"Shading Mode"},"sceneLighting":false,"audioPlay":false,"sceneViewState":{"showFog":true,"showMaterialUpdate":false,"showSkybox":true,"showFlares":true,"showImageEffects":true,"showParticleSystems":true},"in2DMode":false,"pivot":{"x":22.974380493164064,"y":-5.6964006423950199,"z":946.0348510742188},"rotation":{"x":-0.010808894410729409,"y":-0.009901709854602814,"z":0.00010703891166485846,"w":-0.9998934864997864},"size":485.00244140625,"orthographic":false}